titles,prices,images,asin
Assassin's Creed Origins - Standard Edition | PC Code - Ubisoft Connect,"₹2,799",https://m.media-amazon.com/images/I/51p2R2RAaEL._SX300_SY300_QL70_FMwebp_.jpg,B0DCT4F8GN
Assassin’s Creed: The Ezio Collection (PS4),"₹1,289",https://m.media-amazon.com/images/I/51rWA6migWL._SX300_SY300_QL70_FMwebp_.jpg,B01N8REF82
CD Project Red Cyberpunk 2077 - Phantom Liberty | Ultimate Edition | PlayStation 5,"₹3,282",https://m.media-amazon.com/images/I/51a8SThX29L._SX300_SY300_QL70_FMwebp_.jpg,B0CP8143HY
BRUTON Exclusive Trendy Sports Running Shoes | Casual Shoe | Sneakers for Men's & Boy's,₹299,https://m.media-amazon.com/images/I/41yT5D25evL._SX395_SY395_.jpg,B0B2JLGKPT
FYLTR Men's Regular Fit Shirt - Dobby Self Design| Full Sleeve | Functional Patch Pocket | White Formal Shirts for Men,₹499,https://m.media-amazon.com/images/I/3182H4E6BeL._SY445_SX342_.jpg,B0CYLTYJXR
"PS Signature 41inch RoseWood Acoustic Guitar, Free 1 set Strings, 3 Picks, Bag & Belt)","₹3,899",https://m.media-amazon.com/images/I/51MJpN2WrQL._SX300_SY300_QL70_FMwebp_.jpg,B0CK9822R4
"Boldfit Basketball Size 7 Professional Basket Ball for Indoor-Outdoor Training Basketball for Players with Free-Air Needle Best Basketball Match Ball for Kids, Men Swish King No 7, Brown",₹649,https://m.media-amazon.com/images/I/41oeKc52z+L._SY300_SX300_.jpg,B0BQMH3HK4
Shocknshop Digital Sports Multi Functional Black Dial Watch for Mens Boys -315RED,₹284,https://m.media-amazon.com/images/I/514Q-+fQl0L._SY300_SX300_.jpg,B099ZNZJMW
The Adventures of Sherlock Holmes by Arthur Conan Doyle (Deluxe Hardbound Edition) – Classic Detective Fiction| Classic Literature| Unforgettable Characters,₹349,https://m.media-amazon.com/images/I/41Hs+F1QTWL._SY445_SX342_.jpg,9354409008
John Jacobs | Gunmetal - Grey | Full Rim Rectangular Stylish & Premium Polarized Sunglasses | Polarized and 100% UV Protected | Men & Women | Extra Wide | JJ S15860,"₹1,199",https://m.media-amazon.com/images/I/21GYHv7nGML._SX342_SY445_.jpg,B0CJ5HZSR5
